.jpg,ID,id,AU1,AU2,AU4,AU6,AU12,AU15,AU20,AU25
.jpg,1.jpg,1,1,0,0,0,0,0,0,0
.jpg,2.jpg,2,1,0,0,0,0,0,0,0
.jpg,3.jpg,3,1,0,0,0,0,0,0,0
.jpg,4.jpg,4,1,0,0,0,0,0,0,0
.jpg,5.jpg,5,1,0,0,0,0,0,0,0
.jpg,6.jpg,6,1,0,0,0,0,0,0,0
.jpg,7.jpg,7,0,0,0,0,0,0,0,0
.jpg,8.jpg,8,0,0,0,0,0,0,0,0
.jpg,9.jpg,9,0,0,0,0,0,0,0,0
.jpg,10.jpg,10,0,0,0,0,0,0,0,0
.jpg,11.jpg,11,0,0,0,0,0,0,0,0
.jpg,12.jpg,12,0,0,0,0,0,0,0,0
.jpg,13.jpg,13,0,0,0,0,0,0,0,0
.jpg,14.jpg,14,0,0,0,0,0,0,0,0
.jpg,15.jpg,15,0,0,0,0,1,0,0,0
.jpg,16.jpg,16,0,0,0,0,1,0,0,0
.jpg,17.jpg,17,0,0,0,0,1,0,0,0
.jpg,18.jpg,18,0,0,0,0,0,0,0,0
.jpg,19.jpg,19,0,0,0,0,0,0,0,0
.jpg,20.jpg,20,0,0,0,0,0,0,0,0
.jpg,21.jpg,21,0,0,0,0,0,0,0,0
.jpg,22.jpg,22,0,0,0,1,0,0,0,0
.jpg,23.jpg,23,0,0,1,1,0,0,0,0
.jpg,24.jpg,24,0,0,1,1,1,0,0,0
.jpg,25.jpg,25,0,0,1,1,1,0,0,0
.jpg,26.jpg,26,0,0,0,1,1,0,0,0
.jpg,27.jpg,27,1,0,0,1,1,0,0,0
.jpg,28.jpg,28,1,0,0,1,0,0,0,0
.jpg,29.jpg,29,1,0,0,1,0,0,0,0
.jpg,30.jpg,30,1,0,0,1,0,0,0,0
.jpg,31.jpg,31,1,0,0,1,1,0,0,0
.jpg,32.jpg,32,1,0,0,1,1,0,0,0
.jpg,33.jpg,33,1,0,0,1,1,0,0,0
.jpg,34.jpg,34,0,0,0,1,1,0,0,0
.jpg,35.jpg,35,1,0,0,1,1,0,0,0
.jpg,36.jpg,36,1,0,0,1,1,0,0,0
.jpg,37.jpg,37,1,0,0,1,1,0,0,0
.jpg,38.jpg,38,1,0,0,1,1,0,0,0
.jpg,39.jpg,39,1,0,0,1,1,0,0,0
.jpg,40.jpg,40,1,0,0,1,0,0,0,0
.jpg,41.jpg,41,0,0,0,0,0,0,0,0
.jpg,42.jpg,42,0,0,0,0,0,0,0,0
.jpg,43.jpg,43,0,0,0,0,0,0,0,0
.jpg,44.jpg,44,0,0,0,0,0,0,0,0
.jpg,45.jpg,45,0,0,0,0,0,0,0,0
.jpg,46.jpg,46,0,0,0,0,0,0,0,0
.jpg,47.jpg,47,0,0,0,0,0,0,0,0
.jpg,48.jpg,48,0,0,0,0,0,0,0,0
.jpg,49.jpg,49,1,0,0,0,0,0,0,0
.jpg,50.jpg,50,1,0,0,0,1,0,0,0
.jpg,51.jpg,51,1,0,0,0,1,0,0,0
.jpg,52.jpg,52,1,0,0,0,1,0,0,0
.jpg,53.jpg,53,1,0,0,0,1,0,0,0
.jpg,54.jpg,54,1,0,0,0,1,0,0,0
.jpg,55.jpg,55,1,0,0,0,1,0,0,0
.jpg,56.jpg,56,1,0,0,0,1,0,0,0
.jpg,57.jpg,57,0,0,0,0,1,0,0,0
.jpg,58.jpg,58,0,0,0,0,1,0,0,0
.jpg,59.jpg,59,1,0,0,0,0,0,0,0
.jpg,60.jpg,60,1,0,0,0,0,0,0,0
.jpg,61.jpg,61,1,0,0,0,0,0,0,0
.jpg,62.jpg,62,1,0,0,0,0,0,0,0
.jpg,63.jpg,63,1,0,0,0,0,0,0,0
.jpg,64.jpg,64,1,0,0,0,0,0,0,0
.jpg,65.jpg,65,1,0,0,0,0,0,0,0
.jpg,66.jpg,66,1,0,0,0,0,0,0,0
.jpg,67.jpg,67,1,0,0,0,0,0,0,0
.jpg,68.jpg,68,1,0,0,0,1,0,0,0
.jpg,69.jpg,69,1,0,0,0,1,0,0,0
.jpg,70.jpg,70,1,0,0,0,0,0,0,0
.jpg,71.jpg,71,1,0,0,0,0,0,0,0
.jpg,72.jpg,72,1,0,0,0,0,0,0,0
.jpg,73.jpg,73,1,0,0,0,0,0,0,0
.jpg,74.jpg,74,1,0,0,0,0,0,0,0
.jpg,75.jpg,75,1,0,0,0,1,0,0,0
.jpg,76.jpg,76,1,0,0,0,1,0,0,0
.jpg,77.jpg,77,1,0,0,0,1,0,0,0
.jpg,78.jpg,78,1,0,0,0,0,0,0,0
.jpg,79.jpg,79,1,0,0,0,0,0,0,0
.jpg,80.jpg,80,1,0,0,0,0,0,0,0
.jpg,81.jpg,81,1,0,0,0,0,0,0,0
.jpg,82.jpg,82,1,0,0,0,0,0,0,0
.jpg,83.jpg,83,1,0,0,0,0,0,0,0
.jpg,84.jpg,84,1,0,0,0,0,0,0,0
.jpg,85.jpg,85,1,0,0,0,0,0,0,0
.jpg,86.jpg,86,0,0,0,0,0,0,0,0
.jpg,87.jpg,87,0,0,0,0,0,0,0,0
.jpg,88.jpg,88,0,0,0,0,0,0,0,0
.jpg,89.jpg,89,0,0,0,0,0,0,0,0
.jpg,90.jpg,90,1,0,0,0,0,0,0,0
.jpg,91.jpg,91,1,0,0,0,0,0,0,0
.jpg,92.jpg,92,1,0,0,0,0,0,0,0
.jpg,93.jpg,93,1,0,0,0,0,0,0,0
.jpg,94.jpg,94,1,0,0,0,0,0,0,0
.jpg,95.jpg,95,1,0,0,0,0,0,0,0
.jpg,96.jpg,96,0,0,0,0,0,0,0,0
.jpg,97.jpg,97,0,0,0,0,0,0,0,0
.jpg,98.jpg,98,1,0,0,0,0,0,0,0
.jpg,99.jpg,99,1,0,0,0,0,0,0,0
.jpg,100.jpg,100,1,0,0,0,0,0,0,0
.jpg,101.jpg,101,1,0,0,1,1,0,0,0
.jpg,102.jpg,102,1,0,0,1,1,0,0,0
.jpg,103.jpg,103,1,0,0,1,1,0,0,0
.jpg,104.jpg,104,1,0,0,1,1,0,0,0
.jpg,105.jpg,105,1,0,0,1,1,0,0,0
.jpg,106.jpg,106,1,0,0,1,1,0,0,0
.jpg,107.jpg,107,1,0,0,1,1,0,0,0
.jpg,108.jpg,108,1,0,0,1,1,0,0,0
.jpg,109.jpg,109,1,0,0,1,1,0,0,0
.jpg,110.jpg,110,1,0,0,1,1,0,0,0
.jpg,111.jpg,111,1,0,0,1,1,0,0,0
.jpg,112.jpg,112,1,0,0,1,1,0,0,0
.jpg,113.jpg,113,1,0,0,1,1,0,0,0
.jpg,114.jpg,114,1,0,0,1,1,0,0,0
.jpg,115.jpg,115,0,0,0,1,1,0,0,0
.jpg,116.jpg,116,0,0,0,1,1,0,0,0
.jpg,117.jpg,117,0,0,0,1,1,0,0,0
.jpg,118.jpg,118,0,0,0,1,1,0,0,0
.jpg,119.jpg,119,0,0,0,1,1,0,0,0
.jpg,120.jpg,120,0,0,0,1,1,0,0,0
.jpg,121.jpg,121,0,0,0,1,1,0,0,0
.jpg,122.jpg,122,0,0,0,1,1,0,0,0
.jpg,123.jpg,123,0,0,0,1,1,0,0,0
.jpg,124.jpg,124,0,0,0,1,1,0,0,0
.jpg,125.jpg,125,0,0,0,1,1,0,0,0
.jpg,126.jpg,126,1,0,0,1,1,0,0,0
.jpg,127.jpg,127,1,0,0,1,1,0,0,0
.jpg,128.jpg,128,1,0,0,1,0,0,0,0
.jpg,129.jpg,129,1,0,0,1,0,0,0,0
.jpg,130.jpg,130,1,0,0,1,0,0,0,0
.jpg,131.jpg,131,1,0,0,0,0,0,0,0
.jpg,132.jpg,132,1,0,0,0,0,0,0,0
.jpg,133.jpg,133,1,0,0,0,0,0,0,0
.jpg,134.jpg,134,1,0,0,0,0,0,0,0
.jpg,135.jpg,135,1,0,0,0,0,0,0,0
.jpg,136.jpg,136,1,0,0,0,0,0,0,0
.jpg,137.jpg,137,1,0,0,0,0,0,0,0
.jpg,138.jpg,138,1,0,0,0,0,0,0,0
.jpg,139.jpg,139,1,0,0,0,0,0,0,0
.jpg,140.jpg,140,1,0,0,0,0,0,0,0
.jpg,141.jpg,141,1,0,0,0,0,0,0,0
.jpg,142.jpg,142,1,0,0,0,0,0,0,0
.jpg,143.jpg,143,1,0,0,0,0,0,0,0
.jpg,144.jpg,144,1,0,0,0,0,0,0,0
.jpg,145.jpg,145,1,0,0,0,0,0,0,0
.jpg,146.jpg,146,1,0,0,0,0,0,0,0
.jpg,147.jpg,147,1,0,0,0,0,0,0,0
.jpg,148.jpg,148,1,0,0,0,0,0,0,0
.jpg,149.jpg,149,1,0,0,0,0,0,0,0
.jpg,150.jpg,150,1,0,0,0,0,0,0,0
.jpg,151.jpg,151,1,0,0,0,0,0,0,0
.jpg,152.jpg,152,1,0,0,0,0,0,0,0
.jpg,153.jpg,153,1,0,0,0,0,0,0,0
.jpg,154.jpg,154,1,0,0,0,0,0,0,0
.jpg,155.jpg,155,1,0,0,0,0,0,0,0
.jpg,156.jpg,156,1,0,0,0,0,0,0,0
.jpg,157.jpg,157,1,0,0,0,0,0,0,0
.jpg,158.jpg,158,1,0,0,0,0,0,0,0
.jpg,159.jpg,159,1,0,0,0,0,0,0,0
.jpg,160.jpg,160,1,0,0,0,0,0,0,0
.jpg,161.jpg,161,1,0,0,0,0,0,0,0
.jpg,162.jpg,162,1,0,0,0,0,0,0,0
.jpg,163.jpg,163,1,0,0,0,0,0,0,0
.jpg,164.jpg,164,1,0,0,0,0,0,0,0
.jpg,165.jpg,165,1,0,0,0,0,0,0,0
.jpg,166.jpg,166,1,0,0,0,0,0,0,0
.jpg,167.jpg,167,1,0,0,0,0,0,0,0
.jpg,168.jpg,168,1,0,0,0,0,0,0,0
.jpg,169.jpg,169,1,0,0,0,0,0,0,0
.jpg,170.jpg,170,1,0,0,0,0,0,0,0
.jpg,171.jpg,171,1,0,0,0,0,0,0,0
.jpg,172.jpg,172,1,0,0,0,0,0,0,0
.jpg,173.jpg,173,1,0,0,0,0,0,0,0
.jpg,174.jpg,174,1,0,0,0,0,0,0,0
.jpg,175.jpg,175,1,0,0,0,0,0,0,0
.jpg,176.jpg,176,1,0,0,0,0,0,0,0
.jpg,177.jpg,177,1,0,0,0,0,0,0,0
.jpg,178.jpg,178,1,0,0,0,0,0,0,0
.jpg,179.jpg,179,1,0,0,0,0,0,0,0
.jpg,180.jpg,180,1,0,0,0,0,0,0,0
.jpg,181.jpg,181,1,0,0,0,0,0,0,0
.jpg,182.jpg,182,1,0,0,0,0,0,0,0
.jpg,183.jpg,183,1,0,0,0,0,0,0,0
.jpg,184.jpg,184,1,0,0,0,0,0,0,0
.jpg,185.jpg,185,1,0,0,0,0,0,0,0
.jpg,186.jpg,186,1,0,0,0,0,0,0,0
.jpg,187.jpg,187,1,0,0,0,0,0,0,0
.jpg,188.jpg,188,1,0,0,0,0,0,0,0
.jpg,189.jpg,189,1,0,0,0,0,0,0,0
.jpg,190.jpg,190,1,0,0,0,0,0,0,0
.jpg,191.jpg,191,1,0,0,0,0,0,0,0
.jpg,192.jpg,192,1,0,0,0,0,0,0,0
.jpg,193.jpg,193,1,0,0,0,0,0,0,0
.jpg,194.jpg,194,1,0,0,0,0,0,0,0
.jpg,195.jpg,195,1,0,0,0,0,0,0,0
.jpg,196.jpg,196,1,0,0,0,0,0,0,0
.jpg,197.jpg,197,1,0,0,0,0,0,0,0
.jpg,198.jpg,198,1,0,0,0,0,0,0,0
.jpg,199.jpg,199,1,0,0,0,0,0,0,0
.jpg,200.jpg,200,1,0,0,0,0,0,0,0
.jpg,201.jpg,201,1,0,0,0,0,0,0,0
.jpg,202.jpg,202,1,0,0,0,0,0,0,0
.jpg,203.jpg,203,1,0,0,0,0,0,0,0
.jpg,204.jpg,204,1,0,0,0,0,0,0,0
.jpg,205.jpg,205,1,0,0,0,0,0,0,0
.jpg,206.jpg,206,1,0,0,0,0,0,0,0
.jpg,207.jpg,207,1,0,0,0,0,0,0,0
.jpg,208.jpg,208,1,0,0,0,0,0,0,0
.jpg,209.jpg,209,1,0,0,0,0,0,0,0
.jpg,210.jpg,210,1,0,0,0,0,0,0,0
.jpg,211.jpg,211,1,0,0,0,0,0,0,0
.jpg,212.jpg,212,0,0,0,0,0,0,0,0
.jpg,213.jpg,213,0,0,0,0,0,0,0,0
.jpg,214.jpg,214,0,0,0,0,0,0,0,0
.jpg,215.jpg,215,0,0,0,0,0,0,0,0
.jpg,216.jpg,216,0,0,0,0,0,0,0,0
.jpg,217.jpg,217,0,0,0,0,0,0,0,0
.jpg,218.jpg,218,0,0,0,0,0,0,0,0
.jpg,219.jpg,219,0,0,0,0,0,0,0,0
.jpg,220.jpg,220,0,0,0,0,0,0,0,0
.jpg,221.jpg,221,0,0,0,0,0,0,0,0
.jpg,222.jpg,222,0,0,0,0,0,0,0,0
.jpg,223.jpg,223,0,0,0,0,0,0,0,0
.jpg,224.jpg,224,0,0,0,0,0,0,0,0
.jpg,225.jpg,225,0,0,0,0,0,0,0,0
.jpg,226.jpg,226,0,0,0,0,0,0,0,0
.jpg,227.jpg,227,0,0,0,0,0,0,0,0
.jpg,228.jpg,228,0,0,0,0,0,0,0,0
.jpg,229.jpg,229,0,0,0,0,0,0,0,0
.jpg,230.jpg,230,0,0,0,0,0,0,0,0
.jpg,231.jpg,231,0,0,0,0,0,0,0,0
.jpg,232.jpg,232,0,0,0,0,0,0,0,0
.jpg,233.jpg,233,0,0,0,0,0,0,0,0
.jpg,234.jpg,234,0,0,0,0,0,0,0,0
.jpg,235.jpg,235,0,0,0,0,0,0,0,0
.jpg,236.jpg,236,0,0,0,0,0,0,0,0
.jpg,237.jpg,237,0,0,0,1,0,0,0,0
.jpg,238.jpg,238,0,0,0,1,0,0,0,0
.jpg,239.jpg,239,0,0,0,1,0,0,0,0
.jpg,240.jpg,240,0,0,0,1,0,0,0,0
.jpg,241.jpg,241,0,0,0,1,1,0,0,0
.jpg,242.jpg,242,0,0,0,1,1,0,0,0
.jpg,243.jpg,243,0,0,0,1,1,0,0,0
.jpg,244.jpg,244,0,0,0,1,1,0,0,0
.jpg,245.jpg,245,0,0,0,0,1,0,0,0
.jpg,246.jpg,246,0,0,0,0,1,0,0,0
.jpg,247.jpg,247,0,0,0,0,1,0,0,0
.jpg,248.jpg,248,0,0,0,0,1,0,0,0
.jpg,249.jpg,249,0,0,0,0,1,0,0,0
.jpg,250.jpg,250,0,0,0,0,1,0,0,0
.jpg,251.jpg,251,0,0,0,0,1,0,0,0
.jpg,252.jpg,252,0,0,0,0,1,0,0,0
.jpg,253.jpg,253,0,0,0,0,1,0,0,0
.jpg,254.jpg,254,0,0,0,0,0,0,0,0
.jpg,255.jpg,255,0,0,0,0,0,0,0,0
.jpg,256.jpg,256,0,0,0,0,0,0,0,0
.jpg,257.jpg,257,0,0,0,0,0,0,0,0
.jpg,258.jpg,258,0,0,0,0,0,0,0,0
.jpg,259.jpg,259,0,0,0,0,0,0,0,0
.jpg,260.jpg,260,0,0,0,0,0,0,0,0
.jpg,261.jpg,261,0,0,0,0,0,0,0,0
.jpg,262.jpg,262,0,0,0,0,0,0,0,0
.jpg,263.jpg,263,0,0,0,0,1,0,0,0
.jpg,264.jpg,264,0,0,0,0,1,0,0,0
.jpg,265.jpg,265,0,0,0,0,1,0,0,0
.jpg,266.jpg,266,0,0,0,0,0,0,0,0
.jpg,267.jpg,267,0,0,0,0,0,0,0,0
.jpg,268.jpg,268,0,0,0,0,0,0,0,0
.jpg,269.jpg,269,0,0,0,0,0,0,0,0
.jpg,270.jpg,270,0,0,0,0,0,0,0,0
.jpg,271.jpg,271,0,0,0,0,0,0,0,0
.jpg,272.jpg,272,0,0,0,0,0,0,0,0
.jpg,273.jpg,273,0,0,0,0,0,0,0,0
.jpg,274.jpg,274,0,0,0,1,0,0,0,0
.jpg,275.jpg,275,0,0,0,1,0,0,0,0
.jpg,276.jpg,276,0,0,0,1,0,0,0,0
.jpg,277.jpg,277,0,0,0,1,1,0,0,0
.jpg,278.jpg,278,0,0,0,1,1,0,0,0
.jpg,279.jpg,279,0,0,0,1,1,0,0,0
.jpg,280.jpg,280,0,0,0,1,1,0,0,0
.jpg,281.jpg,281,0,0,0,1,1,0,0,0
.jpg,282.jpg,282,0,0,0,1,1,0,0,0
.jpg,283.jpg,283,0,0,0,1,1,0,0,0
.jpg,284.jpg,284,0,0,0,1,1,0,0,0
.jpg,285.jpg,285,0,0,0,1,1,0,0,0
.jpg,286.jpg,286,0,0,0,1,1,0,0,0
.jpg,287.jpg,287,0,0,0,1,1,0,0,0
.jpg,288.jpg,288,0,0,0,1,1,0,0,0
.jpg,289.jpg,289,0,0,0,1,1,0,0,0
.jpg,290.jpg,290,0,0,0,1,1,0,0,0
.jpg,291.jpg,291,0,0,0,1,1,0,0,0
.jpg,292.jpg,292,0,0,0,1,1,0,0,0
.jpg,293.jpg,293,0,0,0,1,1,0,0,0
.jpg,294.jpg,294,0,0,0,0,1,0,0,0
.jpg,295.jpg,295,0,0,0,0,1,0,0,0
.jpg,296.jpg,296,0,0,0,0,0,0,0,0
.jpg,297.jpg,297,0,0,0,0,0,0,0,0
.jpg,298.jpg,298,0,0,0,0,0,0,0,0
.jpg,299.jpg,299,0,0,0,0,0,0,0,0
.jpg,300.jpg,300,0,0,0,0,0,0,0,0
.jpg,301.jpg,301,1,0,0,0,0,0,0,0
.jpg,302.jpg,302,1,0,0,0,1,0,0,0
.jpg,303.jpg,303,1,0,0,0,1,0,0,0
.jpg,304.jpg,304,1,0,0,0,1,0,0,0
.jpg,305.jpg,305,1,0,0,0,1,0,0,0
.jpg,306.jpg,306,1,0,0,0,1,0,0,0
.jpg,307.jpg,307,1,0,0,0,1,0,0,0
.jpg,308.jpg,308,1,0,0,0,1,0,0,0
.jpg,309.jpg,309,1,0,0,0,1,0,0,0
.jpg,310.jpg,310,1,0,0,0,1,0,0,0
.jpg,311.jpg,311,1,0,0,0,1,0,0,0
.jpg,312.jpg,312,1,0,0,0,1,0,0,0
.jpg,313.jpg,313,1,0,0,0,1,0,0,0
.jpg,314.jpg,314,1,0,0,0,1,0,0,0
.jpg,315.jpg,315,1,0,0,0,1,0,0,0
.jpg,316.jpg,316,1,0,0,0,1,0,0,0
.jpg,317.jpg,317,1,0,0,0,1,0,0,0
.jpg,318.jpg,318,1,0,0,0,1,0,0,0
.jpg,319.jpg,319,1,0,0,0,1,0,0,0
.jpg,320.jpg,320,1,0,0,0,1,0,0,0
.jpg,321.jpg,321,1,0,0,0,1,0,0,0
.jpg,322.jpg,322,1,0,0,0,1,0,0,0
.jpg,323.jpg,323,1,0,0,0,1,0,0,0
.jpg,324.jpg,324,1,0,0,0,1,0,0,0
.jpg,325.jpg,325,1,0,0,0,1,0,0,0
.jpg,326.jpg,326,1,0,0,0,1,0,0,0
.jpg,327.jpg,327,1,0,0,0,1,0,0,0
.jpg,328.jpg,328,0,0,0,0,1,0,0,0
.jpg,329.jpg,329,0,0,0,0,1,0,0,0
.jpg,330.jpg,330,0,0,0,0,1,0,0,0
.jpg,331.jpg,331,0,0,0,0,1,0,0,0
.jpg,332.jpg,332,0,0,0,0,1,0,0,0
.jpg,333.jpg,333,0,0,0,0,1,0,0,0
.jpg,334.jpg,334,0,0,0,0,1,0,0,0
.jpg,335.jpg,335,0,0,0,0,1,0,0,0
.jpg,336.jpg,336,0,0,0,0,1,0,0,0
.jpg,337.jpg,337,0,0,0,0,1,0,0,0
.jpg,338.jpg,338,0,0,0,0,1,0,0,0
.jpg,339.jpg,339,0,0,0,0,1,0,0,0
.jpg,340.jpg,340,0,0,0,0,1,0,0,0
.jpg,341.jpg,341,0,0,0,0,1,0,0,0
.jpg,342.jpg,342,0,0,0,0,1,0,0,0
.jpg,343.jpg,343,0,0,0,0,1,0,0,0
.jpg,344.jpg,344,0,0,0,0,1,0,0,0
.jpg,345.jpg,345,0,0,0,0,1,0,0,0
.jpg,346.jpg,346,0,0,0,0,1,0,0,0
.jpg,347.jpg,347,0,0,0,0,1,0,0,0
.jpg,348.jpg,348,0,0,0,0,1,0,0,0
.jpg,349.jpg,349,0,0,0,0,1,0,0,0
.jpg,350.jpg,350,0,0,0,0,1,0,0,0
.jpg,351.jpg,351,0,0,0,0,1,0,0,0
.jpg,352.jpg,352,0,0,0,0,1,0,0,0
.jpg,353.jpg,353,0,0,0,0,1,0,0,0
.jpg,354.jpg,354,0,0,0,0,1,0,0,0
.jpg,355.jpg,355,0,0,0,0,1,0,0,0
.jpg,356.jpg,356,0,0,0,0,1,0,0,0
.jpg,357.jpg,357,0,0,0,0,1,0,0,0
.jpg,358.jpg,358,0,0,0,0,1,0,0,0
.jpg,359.jpg,359,0,0,0,0,1,0,0,0
.jpg,360.jpg,360,0,0,0,0,1,0,0,0
.jpg,361.jpg,361,0,0,0,0,1,0,0,0
.jpg,362.jpg,362,0,0,0,0,1,0,0,0
.jpg,363.jpg,363,0,0,0,0,1,0,0,0
.jpg,364.jpg,364,0,0,0,0,1,0,0,0
.jpg,365.jpg,365,0,0,0,0,1,0,0,0
.jpg,366.jpg,366,0,0,0,0,1,0,0,0
.jpg,367.jpg,367,0,0,0,0,1,0,0,0
.jpg,368.jpg,368,1,0,0,0,1,0,0,0
.jpg,369.jpg,369,1,0,0,0,1,0,0,0
.jpg,370.jpg,370,1,0,0,0,1,0,0,0
.jpg,371.jpg,371,1,0,0,0,1,0,0,0
.jpg,372.jpg,372,1,0,0,0,1,0,0,0
.jpg,373.jpg,373,1,0,0,0,1,0,0,0
.jpg,374.jpg,374,1,0,0,0,1,0,0,0
.jpg,375.jpg,375,1,0,0,0,1,0,0,0
.jpg,376.jpg,376,1,0,0,0,1,0,0,0
.jpg,377.jpg,377,1,0,0,0,1,0,0,0
.jpg,378.jpg,378,1,0,0,0,1,0,0,0
.jpg,379.jpg,379,1,0,0,0,1,0,0,0
.jpg,380.jpg,380,1,0,0,0,1,0,0,0
.jpg,381.jpg,381,1,0,0,0,1,0,0,0
.jpg,382.jpg,382,1,0,0,0,1,0,0,0
.jpg,383.jpg,383,1,0,0,0,1,0,0,0
.jpg,384.jpg,384,1,0,0,0,1,0,0,0
.jpg,385.jpg,385,1,0,0,0,1,0,0,0
.jpg,386.jpg,386,1,0,0,0,1,0,0,0
.jpg,387.jpg,387,1,0,0,0,0,0,0,0
.jpg,388.jpg,388,1,0,0,0,0,0,0,0
.jpg,389.jpg,389,1,0,0,0,0,0,0,0
.jpg,390.jpg,390,1,0,0,0,0,0,0,0
.jpg,391.jpg,391,1,0,0,0,0,0,0,0
.jpg,392.jpg,392,1,0,0,0,0,0,0,0
.jpg,393.jpg,393,1,0,0,0,0,0,0,0
.jpg,394.jpg,394,1,0,0,0,0,0,0,0
.jpg,395.jpg,395,1,0,0,0,0,0,0,0
.jpg,396.jpg,396,1,0,0,0,0,0,0,0
.jpg,397.jpg,397,1,0,0,0,0,0,0,0
.jpg,398.jpg,398,1,0,0,0,0,0,0,0
.jpg,399.jpg,399,1,0,0,0,0,0,0,0
.jpg,400.jpg,400,1,0,0,0,0,0,0,0
.jpg,401.jpg,401,1,0,0,0,0,0,0,0
.jpg,402.jpg,402,1,0,0,0,1,0,0,0
.jpg,403.jpg,403,1,0,0,0,1,0,0,0
.jpg,404.jpg,404,1,0,0,0,1,0,0,0
.jpg,405.jpg,405,1,0,0,0,1,0,0,0
.jpg,406.jpg,406,1,0,0,0,1,0,0,0
.jpg,407.jpg,407,1,0,0,0,1,0,0,0
.jpg,408.jpg,408,1,0,0,0,1,0,0,0
.jpg,409.jpg,409,1,0,0,0,1,0,0,0
.jpg,410.jpg,410,1,0,0,0,1,0,0,0
.jpg,411.jpg,411,1,0,0,0,1,0,0,0
.jpg,412.jpg,412,1,0,0,0,1,0,0,0
.jpg,413.jpg,413,1,0,0,0,1,0,0,0
.jpg,414.jpg,414,1,0,0,0,1,0,0,0
.jpg,415.jpg,415,1,0,0,0,1,0,0,0
.jpg,416.jpg,416,1,0,0,0,1,0,0,0
.jpg,417.jpg,417,1,0,0,0,1,0,0,0
.jpg,418.jpg,418,1,0,0,0,1,0,0,0
.jpg,419.jpg,419,1,0,0,0,1,0,0,0
.jpg,420.jpg,420,1,0,0,0,1,0,0,0
.jpg,421.jpg,421,1,0,0,0,1,0,0,0
.jpg,422.jpg,422,1,0,0,0,1,0,0,0
.jpg,423.jpg,423,1,0,0,0,1,0,0,0
.jpg,424.jpg,424,1,0,0,0,1,0,0,0
.jpg,425.jpg,425,1,0,0,0,1,0,0,0
.jpg,426.jpg,426,1,0,0,0,1,0,0,0
.jpg,427.jpg,427,1,0,0,0,1,0,0,0
.jpg,428.jpg,428,0,0,0,0,1,0,0,0
.jpg,429.jpg,429,0,0,0,0,1,0,0,0
.jpg,430.jpg,430,0,0,0,0,1,0,0,0
.jpg,431.jpg,431,0,0,0,0,1,0,0,0
.jpg,432.jpg,432,0,0,0,0,1,0,0,0
.jpg,433.jpg,433,0,0,0,0,1,0,0,0
.jpg,434.jpg,434,0,0,0,0,1,0,0,0
.jpg,435.jpg,435,0,0,0,0,1,0,0,0
.jpg,436.jpg,436,0,0,0,0,1,0,0,0
.jpg,437.jpg,437,0,0,0,0,1,0,0,0
.jpg,438.jpg,438,0,0,0,0,1,0,0,0
.jpg,439.jpg,439,0,0,0,0,1,0,0,0
.jpg,440.jpg,440,0,0,0,0,1,0,0,0
.jpg,441.jpg,441,0,0,0,0,1,0,0,0
.jpg,442.jpg,442,0,0,0,0,1,0,0,0
.jpg,443.jpg,443,0,0,0,0,1,0,0,0
.jpg,444.jpg,444,0,0,0,0,1,0,0,0
.jpg,445.jpg,445,0,0,0,0,1,0,0,0
.jpg,446.jpg,446,0,0,0,0,1,0,0,0
.jpg,447.jpg,447,0,0,0,0,1,0,0,0
.jpg,448.jpg,448,0,0,0,0,1,0,0,0
.jpg,449.jpg,449,0,0,0,0,1,0,0,0
.jpg,450.jpg,450,0,0,0,0,1,0,0,0
.jpg,451.jpg,451,0,0,0,0,1,0,0,0
.jpg,452.jpg,452,0,0,0,0,1,0,0,0
.jpg,453.jpg,453,0,0,0,0,1,0,0,0
.jpg,454.jpg,454,0,0,0,0,1,0,0,0
.jpg,455.jpg,455,0,0,0,0,1,0,0,0
.jpg,456.jpg,456,0,0,0,0,1,0,0,0
.jpg,457.jpg,457,0,0,0,0,1,0,0,0
.jpg,458.jpg,458,0,0,0,0,1,0,0,0
.jpg,459.jpg,459,0,0,0,0,1,0,0,0
.jpg,460.jpg,460,0,0,0,0,1,0,0,0
.jpg,461.jpg,461,0,0,0,0,1,0,0,0
.jpg,462.jpg,462,0,0,0,0,1,0,0,0
.jpg,463.jpg,463,0,0,0,0,1,0,0,0
.jpg,464.jpg,464,0,0,0,0,1,0,0,0
.jpg,465.jpg,465,0,0,0,0,1,0,0,0
.jpg,466.jpg,466,0,0,0,0,1,0,0,0
.jpg,467.jpg,467,0,0,0,0,1,0,0,0
.jpg,468.jpg,468,1,0,0,0,1,0,0,0
.jpg,469.jpg,469,1,0,0,0,1,0,0,0
.jpg,470.jpg,470,1,0,0,0,1,0,0,0
.jpg,471.jpg,471,1,0,0,0,1,0,0,0
.jpg,472.jpg,472,1,0,0,0,1,0,0,0
.jpg,473.jpg,473,1,0,0,0,1,0,0,0
.jpg,474.jpg,474,1,0,0,0,1,0,0,0
.jpg,475.jpg,475,1,0,0,0,1,0,0,0
.jpg,476.jpg,476,1,0,0,0,1,0,0,0
.jpg,477.jpg,477,1,0,0,0,1,0,0,0
.jpg,478.jpg,478,1,0,0,0,1,0,0,0
.jpg,479.jpg,479,1,0,0,0,1,0,0,0
.jpg,480.jpg,480,1,0,0,0,1,0,0,0
.jpg,481.jpg,481,1,0,0,0,1,0,0,0
.jpg,482.jpg,482,1,0,0,0,1,0,0,0
.jpg,483.jpg,483,1,0,0,0,1,0,0,0
.jpg,484.jpg,484,1,0,0,0,1,0,0,0
.jpg,485.jpg,485,1,0,0,0,1,0,0,0
.jpg,486.jpg,486,1,0,0,0,1,0,0,0
.jpg,487.jpg,487,1,0,0,0,0,0,0,0
.jpg,488.jpg,488,1,0,0,0,0,0,0,0
.jpg,489.jpg,489,1,0,0,0,0,0,0,0
.jpg,490.jpg,490,1,0,0,0,0,0,0,0
.jpg,491.jpg,491,1,0,0,0,0,0,0,0
.jpg,492.jpg,492,1,0,0,0,0,0,0,0
.jpg,493.jpg,493,1,0,0,0,0,0,0,0
.jpg,494.jpg,494,1,0,0,0,0,0,0,0
.jpg,495.jpg,495,1,0,0,0,0,0,0,0
.jpg,496.jpg,496,1,0,0,0,0,0,0,0
.jpg,497.jpg,497,1,0,0,0,0,0,0,0
.jpg,498.jpg,498,1,0,0,0,0,0,0,0
.jpg,499.jpg,499,1,0,0,0,0,0,0,0
.jpg,500.jpg,500,1,0,0,0,0,0,0,0
.jpg,501.jpg,501,1,0,0,0,0,0,0,0
.jpg,502.jpg,502,1,0,0,0,0,0,0,0
.jpg,503.jpg,503,1,0,0,0,0,0,0,0
.jpg,504.jpg,504,1,0,0,0,0,0,0,0
.jpg,505.jpg,505,1,0,0,0,0,0,0,0
.jpg,506.jpg,506,1,0,0,0,0,0,0,0
.jpg,507.jpg,507,1,0,0,0,0,0,0,0
.jpg,508.jpg,508,1,0,0,0,0,0,0,0
.jpg,509.jpg,509,1,0,0,0,0,0,0,0
.jpg,510.jpg,510,1,0,0,0,0,0,0,0
.jpg,511.jpg,511,1,0,0,0,0,0,0,0
.jpg,512.jpg,512,1,0,0,0,0,0,0,0
.jpg,513.jpg,513,1,0,0,0,0,0,0,0
.jpg,514.jpg,514,1,0,0,0,0,0,0,0
.jpg,515.jpg,515,0,0,0,0,0,0,0,0
.jpg,516.jpg,516,0,0,0,0,0,0,0,0
.jpg,517.jpg,517,0,0,0,0,0,0,0,0
.jpg,518.jpg,518,0,0,0,0,0,0,0,0
.jpg,519.jpg,519,0,0,0,0,0,0,0,0
.jpg,520.jpg,520,0,0,0,0,0,0,0,0
.jpg,521.jpg,521,0,0,0,0,0,0,0,0
.jpg,522.jpg,522,0,0,1,0,0,0,0,0
.jpg,523.jpg,523,0,0,1,0,0,0,0,0
.jpg,524.jpg,524,0,0,1,0,0,0,0,0
.jpg,525.jpg,525,0,0,1,0,0,0,0,0
.jpg,526.jpg,526,0,0,1,0,0,0,0,0
.jpg,527.jpg,527,0,0,1,0,0,0,0,0
.jpg,528.jpg,528,0,0,1,0,0,0,0,0
.jpg,529.jpg,529,0,0,1,0,0,0,0,0
.jpg,530.jpg,530,0,0,1,0,0,0,0,0
.jpg,531.jpg,531,0,0,1,0,0,0,0,0
.jpg,532.jpg,532,0,0,1,0,0,0,0,0
.jpg,533.jpg,533,0,0,1,0,0,0,0,0
.jpg,534.jpg,534,0,0,1,0,0,0,0,0
.jpg,535.jpg,535,0,0,1,0,0,0,0,0
.jpg,536.jpg,536,0,0,1,0,0,0,0,0
.jpg,537.jpg,537,0,0,1,0,0,0,0,0
.jpg,538.jpg,538,0,0,1,0,0,0,0,0
.jpg,539.jpg,539,0,0,1,0,0,0,0,0
.jpg,540.jpg,540,0,0,1,0,0,0,0,0
.jpg,541.jpg,541,0,0,1,0,0,0,0,0
.jpg,542.jpg,542,0,0,1,0,0,0,0,0
.jpg,543.jpg,543,0,0,1,0,0,0,0,0
.jpg,544.jpg,544,0,0,1,0,0,0,0,0
.jpg,545.jpg,545,0,0,1,0,0,0,0,0
.jpg,546.jpg,546,0,0,1,0,0,0,0,0
.jpg,547.jpg,547,0,0,1,0,0,0,0,0
.jpg,548.jpg,548,0,0,1,0,0,0,0,0
.jpg,549.jpg,549,0,0,1,0,0,0,0,0
.jpg,550.jpg,550,0,0,1,0,0,0,0,0
.jpg,551.jpg,551,0,0,1,0,0,0,0,0
.jpg,552.jpg,552,0,0,1,0,0,0,0,0
.jpg,553.jpg,553,0,0,1,0,0,0,0,0
.jpg,554.jpg,554,0,0,1,0,0,0,0,0
.jpg,555.jpg,555,0,0,1,0,0,0,0,0
.jpg,556.jpg,556,0,0,1,0,0,0,0,0
.jpg,557.jpg,557,0,0,1,0,0,0,0,0
.jpg,558.jpg,558,0,0,1,0,0,0,0,0
.jpg,559.jpg,559,0,0,1,0,0,0,0,0
.jpg,560.jpg,560,0,0,1,0,0,0,0,0
.jpg,561.jpg,561,0,0,1,0,0,0,0,0
.jpg,562.jpg,562,0,0,1,0,0,0,0,0
.jpg,563.jpg,563,0,0,1,0,0,0,0,0
.jpg,564.jpg,564,0,0,1,0,0,0,0,0
.jpg,565.jpg,565,0,0,1,0,0,0,0,0
.jpg,566.jpg,566,0,0,1,0,0,0,0,0
.jpg,567.jpg,567,0,0,1,0,0,0,0,0
.jpg,568.jpg,568,0,0,1,0,0,0,0,0
.jpg,569.jpg,569,0,0,1,0,0,0,0,0
.jpg,570.jpg,570,0,0,0,0,0,0,0,0
.jpg,571.jpg,571,0,0,0,0,0,0,0,0
.jpg,572.jpg,572,0,0,0,0,0,0,0,0
.jpg,573.jpg,573,0,0,0,0,0,0,0,0
.jpg,574.jpg,574,0,0,0,0,0,0,0,0
.jpg,575.jpg,575,0,0,0,0,0,0,0,0
.jpg,576.jpg,576,0,0,0,0,0,0,0,0
.jpg,577.jpg,577,0,0,0,0,0,0,0,0
.jpg,578.jpg,578,0,0,0,0,0,0,0,0
.jpg,579.jpg,579,0,0,0,0,0,0,0,0
.jpg,580.jpg,580,0,0,0,0,0,0,0,0
.jpg,581.jpg,581,0,0,0,0,0,0,0,0
.jpg,582.jpg,582,0,0,0,0,0,0,0,0
.jpg,583.jpg,583,0,0,1,0,0,0,0,0
.jpg,584.jpg,584,0,0,1,0,0,0,0,0
.jpg,585.jpg,585,0,0,1,0,0,0,0,0
.jpg,586.jpg,586,0,0,1,0,0,0,0,0
.jpg,587.jpg,587,0,0,1,0,0,0,0,0
.jpg,588.jpg,588,0,0,1,0,0,0,0,0
.jpg,589.jpg,589,0,0,1,0,0,0,0,0
.jpg,590.jpg,590,0,0,1,0,0,0,0,0
.jpg,591.jpg,591,0,0,1,0,0,0,0,0
.jpg,592.jpg,592,0,0,1,0,0,0,0,0
.jpg,593.jpg,593,0,0,1,0,0,0,0,0
.jpg,594.jpg,594,0,0,1,0,0,0,0,0
.jpg,595.jpg,595,0,0,1,0,0,0,0,0
.jpg,596.jpg,596,0,0,1,0,0,0,0,0
.jpg,597.jpg,597,0,0,1,0,0,0,0,0
.jpg,598.jpg,598,0,0,1,0,0,0,0,0
.jpg,599.jpg,599,0,0,1,0,0,0,0,0
.jpg,600.jpg,600,0,0,1,0,0,0,0,0
.jpg,601.jpg,601,0,0,0,1,0,0,0,0
.jpg,602.jpg,602,0,0,0,1,0,0,0,0
.jpg,603.jpg,603,0,0,0,1,0,0,0,0
.jpg,604.jpg,604,0,0,0,1,0,0,0,0
.jpg,605.jpg,605,0,0,0,1,0,0,0,0
.jpg,606.jpg,606,0,0,0,1,0,0,0,0
.jpg,607.jpg,607,0,0,0,1,0,0,0,0
.jpg,608.jpg,608,0,0,0,1,0,0,0,0
.jpg,609.jpg,609,0,0,0,1,0,0,0,0
.jpg,610.jpg,610,0,0,0,1,0,0,0,0
.jpg,611.jpg,611,0,0,0,1,0,0,0,0
.jpg,612.jpg,612,0,0,0,1,0,0,0,0
.jpg,613.jpg,613,0,0,0,1,0,0,0,0
.jpg,614.jpg,614,0,0,1,1,0,0,0,0
.jpg,615.jpg,615,0,0,1,1,0,0,0,0
.jpg,616.jpg,616,0,0,1,1,0,0,0,0
.jpg,617.jpg,617,0,0,1,1,0,0,0,0
.jpg,618.jpg,618,0,0,1,1,0,0,0,0
.jpg,619.jpg,619,0,0,1,1,0,0,0,0
.jpg,620.jpg,620,0,0,1,1,0,0,0,0
.jpg,621.jpg,621,0,0,1,1,0,0,0,0
.jpg,622.jpg,622,0,0,1,1,0,0,0,0
.jpg,623.jpg,623,0,0,1,1,0,0,0,0
.jpg,624.jpg,624,0,0,1,1,0,0,0,0
.jpg,625.jpg,625,0,0,1,1,0,0,0,0
.jpg,626.jpg,626,0,0,1,1,0,0,0,0
.jpg,627.jpg,627,0,0,1,1,0,0,0,0
.jpg,628.jpg,628,0,0,1,1,0,0,0,0
.jpg,629.jpg,629,0,0,1,1,0,0,0,0
.jpg,630.jpg,630,0,0,1,1,0,0,0,0
.jpg,631.jpg,631,0,0,1,1,0,0,0,0
.jpg,632.jpg,632,0,0,1,1,0,0,0,0
.jpg,633.jpg,633,0,0,1,1,0,0,0,0
.jpg,634.jpg,634,0,0,1,1,0,0,0,0
.jpg,635.jpg,635,0,0,1,1,0,0,0,0
.jpg,636.jpg,636,0,0,1,1,0,0,0,0
.jpg,637.jpg,637,0,0,1,1,0,0,0,0
.jpg,638.jpg,638,0,0,1,1,0,0,0,0
.jpg,639.jpg,639,0,0,1,1,0,0,0,0
.jpg,640.jpg,640,0,0,1,1,0,0,0,0
.jpg,641.jpg,641,0,0,1,1,0,0,0,0
.jpg,642.jpg,642,0,0,1,1,0,0,0,0
.jpg,643.jpg,643,0,0,1,1,0,0,0,0
.jpg,644.jpg,644,0,0,1,1,0,0,0,0
.jpg,645.jpg,645,0,0,1,1,0,0,0,0
.jpg,646.jpg,646,0,0,1,1,0,0,0,0
.jpg,647.jpg,647,0,0,1,1,0,0,0,0
.jpg,648.jpg,648,0,0,1,1,0,0,0,0
.jpg,649.jpg,649,0,0,1,1,0,0,0,0
.jpg,650.jpg,650,0,0,1,1,0,0,0,0
.jpg,651.jpg,651,0,0,1,1,0,0,0,0
.jpg,652.jpg,652,0,0,1,1,0,0,0,0
.jpg,653.jpg,653,0,0,1,1,0,0,0,0
.jpg,654.jpg,654,0,0,1,1,0,0,0,0
.jpg,655.jpg,655,0,0,1,1,0,0,0,0
.jpg,656.jpg,656,0,0,1,1,0,0,0,0
.jpg,657.jpg,657,0,0,1,1,0,0,0,0
.jpg,658.jpg,658,0,0,1,1,0,0,0,0
.jpg,659.jpg,659,0,0,1,1,0,0,0,0
.jpg,660.jpg,660,0,0,1,1,0,0,0,0
.jpg,661.jpg,661,0,0,1,1,0,0,0,0
.jpg,662.jpg,662,0,0,1,1,0,0,0,0
.jpg,663.jpg,663,0,0,1,1,0,0,0,0
.jpg,664.jpg,664,0,0,1,1,0,0,0,0
.jpg,665.jpg,665,0,0,1,1,0,0,0,0
.jpg,666.jpg,666,0,0,1,1,0,0,0,0
.jpg,667.jpg,667,0,0,1,1,0,0,0,0
.jpg,668.jpg,668,0,0,1,1,0,0,0,0
.jpg,669.jpg,669,0,0,1,1,0,0,0,0
.jpg,670.jpg,670,0,0,1,1,0,0,0,0
.jpg,671.jpg,671,0,0,1,1,0,0,0,0
.jpg,672.jpg,672,0,0,1,1,0,0,0,0
.jpg,673.jpg,673,0,0,1,1,0,0,0,0
.jpg,674.jpg,674,0,0,1,1,0,0,0,0
.jpg,675.jpg,675,0,0,1,1,0,0,0,0
.jpg,676.jpg,676,0,0,1,1,0,0,0,0
.jpg,677.jpg,677,0,0,1,1,0,0,0,0
.jpg,678.jpg,678,0,0,1,1,0,0,0,0
.jpg,679.jpg,679,0,0,1,0,0,0,0,0
.jpg,680.jpg,680,0,0,1,0,0,0,0,0
.jpg,681.jpg,681,0,0,1,0,0,0,0,0
.jpg,682.jpg,682,0,0,1,0,0,0,0,0
.jpg,683.jpg,683,0,0,1,0,0,0,0,0
.jpg,684.jpg,684,0,0,1,0,0,0,0,0
.jpg,685.jpg,685,0,0,1,0,0,0,0,0
.jpg,686.jpg,686,0,0,1,0,0,0,0,0
.jpg,687.jpg,687,0,0,1,0,0,0,0,0
.jpg,688.jpg,688,0,0,0,0,0,0,0,0
.jpg,689.jpg,689,0,0,0,0,0,0,0,0
.jpg,690.jpg,690,0,0,0,0,0,0,0,0
.jpg,691.jpg,691,0,0,0,0,0,0,0,0
.jpg,692.jpg,692,0,0,0,0,0,0,0,0
.jpg,693.jpg,693,0,0,0,0,0,0,0,0
.jpg,694.jpg,694,0,0,0,0,0,0,0,0
.jpg,695.jpg,695,0,0,0,0,0,0,0,0
.jpg,696.jpg,696,0,0,0,0,0,0,0,0
.jpg,697.jpg,697,0,0,0,0,0,0,0,0
.jpg,698.jpg,698,0,0,0,0,0,0,0,0
.jpg,699.jpg,699,0,0,0,0,0,0,0,0
.jpg,700.jpg,700,0,0,0,0,0,0,0,0
.jpg,701.jpg,701,0,0,0,0,0,0,0,0
.jpg,702.jpg,702,0,0,0,0,0,0,0,0
.jpg,703.jpg,703,0,0,1,1,0,0,0,0
.jpg,704.jpg,704,0,0,1,1,0,0,0,0
.jpg,705.jpg,705,0,0,1,1,0,0,0,0
.jpg,706.jpg,706,0,0,1,1,0,0,0,0
.jpg,707.jpg,707,0,0,1,1,0,0,0,0
.jpg,708.jpg,708,0,0,1,1,0,0,0,0
.jpg,709.jpg,709,0,0,1,1,0,0,0,0
.jpg,710.jpg,710,0,0,1,1,0,0,0,0
.jpg,711.jpg,711,0,0,1,1,0,0,0,0
.jpg,712.jpg,712,0,0,1,1,0,0,0,0
.jpg,713.jpg,713,0,0,1,1,0,0,0,0
.jpg,714.jpg,714,0,0,1,1,0,0,0,0
.jpg,715.jpg,715,0,0,1,1,0,0,0,0
.jpg,716.jpg,716,0,0,1,1,0,0,0,0
.jpg,717.jpg,717,0,0,1,0,0,0,0,0
.jpg,718.jpg,718,0,0,1,0,0,0,0,0
.jpg,719.jpg,719,0,0,1,0,0,0,0,0
.jpg,720.jpg,720,0,0,1,0,0,0,0,0
.jpg,721.jpg,721,0,0,1,0,0,0,0,0
.jpg,722.jpg,722,0,0,1,0,0,0,0,0
.jpg,723.jpg,723,0,0,1,0,0,0,0,0
.jpg,724.jpg,724,0,0,1,0,0,0,0,0
.jpg,725.jpg,725,0,0,1,0,0,0,0,0
.jpg,726.jpg,726,0,0,1,0,0,0,0,0
.jpg,727.jpg,727,0,0,1,0,0,0,0,0
.jpg,728.jpg,728,0,0,1,0,0,0,0,0
.jpg,729.jpg,729,0,0,1,0,0,0,0,0
.jpg,730.jpg,730,0,0,1,0,0,0,0,0
.jpg,731.jpg,731,0,0,1,0,0,0,0,0
.jpg,732.jpg,732,0,0,1,0,0,0,0,0
.jpg,733.jpg,733,0,0,1,0,0,0,0,0
.jpg,734.jpg,734,0,0,1,0,0,0,0,0
.jpg,735.jpg,735,0,0,1,0,0,0,0,0
.jpg,736.jpg,736,0,0,1,0,0,0,0,0
.jpg,737.jpg,737,0,0,1,0,0,0,0,0
.jpg,738.jpg,738,0,0,1,0,0,0,0,0
.jpg,739.jpg,739,0,0,1,0,0,0,0,0
.jpg,740.jpg,740,0,0,1,0,0,0,0,0
.jpg,741.jpg,741,0,0,1,0,0,0,0,0
.jpg,742.jpg,742,0,0,1,0,0,0,0,0
.jpg,743.jpg,743,0,0,1,0,0,0,0,0
.jpg,744.jpg,744,0,0,1,0,0,0,0,0
.jpg,745.jpg,745,0,0,1,0,0,0,0,0
.jpg,746.jpg,746,0,0,1,0,0,0,0,0
.jpg,747.jpg,747,0,0,1,0,0,0,0,0
.jpg,748.jpg,748,0,0,1,0,0,0,0,0
.jpg,749.jpg,749,0,0,1,0,0,0,0,0
.jpg,750.jpg,750,0,0,1,0,0,0,0,0
.jpg,751.jpg,751,0,0,1,0,0,0,0,0
.jpg,752.jpg,752,0,0,1,0,0,0,0,0
.jpg,753.jpg,753,0,0,1,0,0,0,0,0
.jpg,754.jpg,754,0,0,1,0,0,0,0,0
.jpg,755.jpg,755,0,0,1,0,0,0,0,0
.jpg,756.jpg,756,0,0,1,1,0,0,0,0
.jpg,757.jpg,757,0,0,1,1,0,0,0,0
.jpg,758.jpg,758,0,0,1,1,0,0,0,0
.jpg,759.jpg,759,0,0,1,1,0,0,0,0
.jpg,760.jpg,760,0,0,1,1,0,0,0,0
.jpg,761.jpg,761,0,0,1,1,0,0,0,0
.jpg,762.jpg,762,0,0,1,1,0,0,0,0
.jpg,763.jpg,763,0,0,1,1,0,0,0,0
.jpg,764.jpg,764,0,0,1,1,0,0,0,0
.jpg,765.jpg,765,0,0,1,1,0,0,0,0
.jpg,766.jpg,766,0,0,1,1,0,0,0,0
.jpg,767.jpg,767,0,0,1,1,0,0,0,0
.jpg,768.jpg,768,0,0,1,1,0,0,0,0
.jpg,769.jpg,769,0,0,1,1,0,0,0,0
.jpg,770.jpg,770,0,0,1,1,0,0,0,0
.jpg,771.jpg,771,0,0,1,1,0,0,0,0
.jpg,772.jpg,772,0,0,1,1,0,0,0,0
.jpg,773.jpg,773,0,0,1,1,0,0,0,0
.jpg,774.jpg,774,0,0,1,1,0,0,0,0
.jpg,775.jpg,775,0,0,1,1,0,0,0,0
.jpg,776.jpg,776,0,0,1,1,0,0,0,0
.jpg,777.jpg,777,0,0,1,1,0,0,0,0
.jpg,778.jpg,778,0,0,1,1,0,0,0,0
.jpg,779.jpg,779,0,0,1,1,0,0,0,0
.jpg,780.jpg,780,0,0,1,1,0,0,0,0
.jpg,781.jpg,781,0,0,1,1,0,0,0,0
.jpg,782.jpg,782,0,0,1,1,0,0,0,0
.jpg,783.jpg,783,0,0,1,1,0,0,0,0
.jpg,784.jpg,784,0,0,1,0,0,0,0,0
.jpg,785.jpg,785,0,0,1,0,0,0,0,0
.jpg,786.jpg,786,0,0,1,0,0,0,0,0
.jpg,787.jpg,787,0,0,1,0,0,0,0,0
.jpg,788.jpg,788,0,0,1,0,0,0,0,0
.jpg,789.jpg,789,0,0,1,0,0,0,0,0
.jpg,790.jpg,790,0,0,1,0,0,0,0,0
.jpg,791.jpg,791,0,0,1,0,0,0,0,0
.jpg,792.jpg,792,0,0,1,0,0,0,0,0
.jpg,793.jpg,793,0,0,1,0,0,0,0,0
.jpg,794.jpg,794,0,0,1,0,0,0,0,0
.jpg,795.jpg,795,0,0,1,0,0,0,0,0
.jpg,796.jpg,796,0,0,1,0,0,0,0,0
.jpg,797.jpg,797,0,0,1,0,0,0,0,0
.jpg,798.jpg,798,0,0,1,0,0,0,0,0
.jpg,799.jpg,799,0,0,1,0,0,0,0,0
.jpg,800.jpg,800,0,0,1,0,0,0,0,0
.jpg,801.jpg,801,0,0,0,0,0,0,0,0
.jpg,802.jpg,802,0,0,0,0,0,0,0,0
.jpg,803.jpg,803,0,0,0,0,0,0,0,0
.jpg,804.jpg,804,0,0,0,0,0,0,0,0
.jpg,805.jpg,805,0,0,0,0,0,0,0,0
.jpg,806.jpg,806,0,0,0,0,0,0,0,0
.jpg,807.jpg,807,0,0,0,0,0,0,0,0
.jpg,808.jpg,808,0,0,0,0,0,0,0,0
.jpg,809.jpg,809,0,0,0,0,0,0,0,0
.jpg,810.jpg,810,0,0,0,0,0,0,0,0
.jpg,811.jpg,811,0,0,0,0,0,0,0,0
.jpg,812.jpg,812,0,0,0,0,0,0,0,0
.jpg,813.jpg,813,0,0,0,0,0,0,0,0
.jpg,814.jpg,814,0,0,0,0,0,0,0,0
.jpg,815.jpg,815,0,0,0,0,0,0,0,0
.jpg,816.jpg,816,0,0,0,0,0,0,0,0
.jpg,817.jpg,817,0,0,0,0,0,0,0,0
.jpg,818.jpg,818,0,0,0,0,0,0,0,0
.jpg,819.jpg,819,0,0,0,0,0,0,0,0
.jpg,820.jpg,820,0,0,0,0,0,0,0,0
.jpg,821.jpg,821,0,0,0,0,0,0,0,0
.jpg,822.jpg,822,0,0,0,0,0,0,0,0
.jpg,823.jpg,823,0,0,0,0,0,0,0,0
.jpg,824.jpg,824,0,0,0,0,0,0,0,0
.jpg,825.jpg,825,0,0,0,0,0,0,0,0
.jpg,826.jpg,826,0,0,0,0,0,0,0,0
.jpg,827.jpg,827,0,0,0,0,0,0,0,0
.jpg,828.jpg,828,0,0,0,0,0,0,0,0
.jpg,829.jpg,829,0,0,0,0,0,0,0,0
.jpg,830.jpg,830,0,0,0,0,0,0,0,0
.jpg,831.jpg,831,0,0,0,0,0,0,0,0
.jpg,832.jpg,832,0,0,0,0,0,0,0,0
.jpg,833.jpg,833,0,0,0,0,0,0,0,0
.jpg,834.jpg,834,0,0,0,0,0,0,0,0
.jpg,835.jpg,835,0,0,0,0,0,0,0,0
.jpg,836.jpg,836,1,0,0,0,0,0,0,0
.jpg,837.jpg,837,1,0,0,0,0,0,0,0
.jpg,838.jpg,838,1,0,0,0,0,0,0,0
.jpg,839.jpg,839,1,0,0,0,0,0,0,0
.jpg,840.jpg,840,1,0,0,0,0,0,0,0
.jpg,841.jpg,841,1,0,0,0,0,0,0,0
.jpg,842.jpg,842,1,0,0,0,0,0,0,0
.jpg,843.jpg,843,1,0,0,0,0,0,0,0
.jpg,844.jpg,844,1,0,0,0,0,0,0,0
.jpg,845.jpg,845,1,0,0,0,0,0,0,0
.jpg,846.jpg,846,1,0,0,0,0,0,0,0
.jpg,847.jpg,847,1,0,0,0,0,0,0,0
.jpg,848.jpg,848,1,0,0,0,0,0,0,0
.jpg,849.jpg,849,1,0,0,0,0,0,0,0
.jpg,850.jpg,850,1,0,0,0,0,0,0,0
.jpg,851.jpg,851,1,0,0,0,0,0,0,0
.jpg,852.jpg,852,1,0,0,0,0,0,0,0
.jpg,853.jpg,853,1,0,0,0,0,0,0,0
.jpg,854.jpg,854,1,0,0,0,0,0,0,0
.jpg,855.jpg,855,1,0,0,0,0,0,0,0
.jpg,856.jpg,856,1,0,0,0,0,0,0,0
.jpg,857.jpg,857,1,0,0,0,0,0,0,0
.jpg,858.jpg,858,1,0,0,0,0,0,0,0
.jpg,859.jpg,859,1,0,0,0,0,0,0,0
.jpg,860.jpg,860,1,0,0,0,0,0,0,0
.jpg,861.jpg,861,1,0,0,0,0,0,0,0
.jpg,862.jpg,862,1,0,0,0,0,0,0,0
.jpg,863.jpg,863,1,0,0,0,0,0,0,0
.jpg,864.jpg,864,1,0,0,0,0,0,0,0
.jpg,865.jpg,865,1,0,0,0,0,0,0,0
.jpg,866.jpg,866,1,0,0,0,0,0,0,0
.jpg,867.jpg,867,1,0,0,0,0,0,0,0
.jpg,868.jpg,868,1,0,0,0,0,0,0,0
.jpg,869.jpg,869,1,0,0,0,0,0,0,0
.jpg,870.jpg,870,1,0,0,0,0,0,0,0
.jpg,871.jpg,871,1,0,0,0,0,0,0,0
.jpg,872.jpg,872,1,0,0,0,0,0,0,0
.jpg,873.jpg,873,1,0,0,0,0,0,0,0
.jpg,874.jpg,874,1,0,0,0,0,0,0,0
.jpg,875.jpg,875,1,0,0,0,0,0,0,0
.jpg,876.jpg,876,1,0,0,0,0,0,0,0
.jpg,877.jpg,877,1,0,0,0,0,0,0,0
.jpg,878.jpg,878,1,0,0,0,0,0,0,0
.jpg,879.jpg,879,0,0,0,0,0,0,0,0
.jpg,880.jpg,880,0,0,0,0,0,0,0,0
.jpg,881.jpg,881,1,0,0,0,0,0,0,0
.jpg,882.jpg,882,1,0,0,0,0,0,0,0
.jpg,883.jpg,883,1,0,0,0,0,0,0,0
.jpg,884.jpg,884,1,0,0,0,0,0,0,0
.jpg,885.jpg,885,1,0,0,0,0,0,0,0
.jpg,886.jpg,886,1,0,0,0,0,0,0,0
.jpg,887.jpg,887,1,0,0,0,0,0,0,0
.jpg,888.jpg,888,1,0,0,0,0,0,0,0
.jpg,889.jpg,889,1,0,0,0,0,0,0,0
.jpg,890.jpg,890,1,0,0,0,0,0,0,0
.jpg,891.jpg,891,1,0,0,0,0,0,0,0
.jpg,892.jpg,892,1,0,0,0,0,0,0,0
.jpg,893.jpg,893,1,0,0,0,0,0,0,0
.jpg,894.jpg,894,1,0,0,0,0,0,0,0
.jpg,895.jpg,895,1,0,0,0,0,0,0,0
.jpg,896.jpg,896,1,0,0,0,0,0,0,0
.jpg,897.jpg,897,1,0,0,0,0,0,0,0
.jpg,898.jpg,898,1,0,0,0,0,0,0,0
.jpg,899.jpg,899,1,0,0,0,0,0,0,0
.jpg,900.jpg,900,1,0,0,0,0,0,0,0
.jpg,901.jpg,901,0,0,1,0,0,0,0,0
.jpg,902.jpg,902,0,0,1,0,0,0,0,0
.jpg,903.jpg,903,0,0,1,0,0,0,0,0
.jpg,904.jpg,904,0,0,1,0,0,0,0,0
.jpg,905.jpg,905,0,0,1,0,0,0,0,0
.jpg,906.jpg,906,0,0,1,0,0,0,0,0
.jpg,907.jpg,907,0,0,1,0,0,0,0,0
.jpg,908.jpg,908,0,0,1,0,0,0,0,0
.jpg,909.jpg,909,0,0,1,0,0,0,0,0
.jpg,910.jpg,910,0,0,1,0,0,0,0,0
.jpg,911.jpg,911,0,0,1,0,0,0,0,0
.jpg,912.jpg,912,0,0,1,0,0,0,0,0
.jpg,913.jpg,913,0,0,1,0,0,0,0,0
.jpg,914.jpg,914,0,0,1,0,0,1,0,0
.jpg,915.jpg,915,0,0,1,0,0,1,0,0
.jpg,916.jpg,916,0,0,1,0,0,1,0,0
.jpg,917.jpg,917,0,0,1,0,0,1,0,0
.jpg,918.jpg,918,0,0,1,0,0,1,0,0
.jpg,919.jpg,919,0,0,0,0,0,1,0,0
.jpg,920.jpg,920,0,0,0,0,0,1,0,0
.jpg,921.jpg,921,0,0,0,0,0,0,0,0
.jpg,922.jpg,922,0,0,0,0,0,0,0,0
.jpg,923.jpg,923,0,0,0,0,0,0,0,0
.jpg,924.jpg,924,1,0,0,0,0,0,0,0
.jpg,925.jpg,925,1,0,0,0,0,0,0,0
.jpg,926.jpg,926,1,0,0,0,0,0,0,0
.jpg,927.jpg,927,1,0,0,0,0,0,0,0
.jpg,928.jpg,928,1,0,0,0,0,0,0,0
.jpg,929.jpg,929,1,0,0,0,0,0,0,0
.jpg,930.jpg,930,1,0,0,0,0,0,0,0
.jpg,931.jpg,931,1,0,0,0,0,0,0,0
.jpg,932.jpg,932,1,0,0,0,0,0,0,0
.jpg,933.jpg,933,1,0,0,0,0,0,0,0
.jpg,934.jpg,934,1,0,0,0,0,0,0,0
.jpg,935.jpg,935,1,0,0,0,0,0,0,0
.jpg,936.jpg,936,1,0,0,0,0,0,0,0
.jpg,937.jpg,937,1,0,0,0,0,0,0,0
.jpg,938.jpg,938,1,0,0,0,0,0,0,0
.jpg,939.jpg,939,1,0,0,0,0,0,0,0
.jpg,940.jpg,940,1,0,0,0,0,0,0,0
.jpg,941.jpg,941,1,0,0,0,0,0,0,0
.jpg,942.jpg,942,1,0,0,0,0,0,0,0
.jpg,943.jpg,943,1,0,0,0,0,0,0,0
.jpg,944.jpg,944,1,0,0,0,0,0,0,0
.jpg,945.jpg,945,1,0,0,0,0,0,0,0
.jpg,946.jpg,946,1,0,0,0,0,0,0,0
.jpg,947.jpg,947,1,0,0,0,0,0,0,0
.jpg,948.jpg,948,1,0,0,0,0,0,0,0
.jpg,949.jpg,949,1,0,0,0,0,0,0,0
.jpg,950.jpg,950,1,0,0,0,0,0,0,0
.jpg,951.jpg,951,1,0,0,0,0,0,0,0
.jpg,952.jpg,952,1,0,0,0,0,0,0,0
.jpg,953.jpg,953,1,0,0,0,0,0,0,0
.jpg,954.jpg,954,1,0,0,0,0,0,0,0
.jpg,955.jpg,955,0,0,0,0,0,0,0,0
.jpg,956.jpg,956,0,0,0,0,0,0,0,0
.jpg,957.jpg,957,0,0,0,0,0,0,0,0
.jpg,958.jpg,958,0,0,0,0,0,0,0,0
.jpg,959.jpg,959,0,0,0,0,0,0,0,0
.jpg,960.jpg,960,0,0,0,0,0,0,0,0
.jpg,961.jpg,961,0,0,0,0,0,0,0,0
.jpg,962.jpg,962,0,0,0,0,0,0,0,0
.jpg,963.jpg,963,0,0,0,0,0,0,0,0
.jpg,964.jpg,964,0,0,0,0,0,0,0,0
.jpg,965.jpg,965,0,0,0,0,0,0,0,0
.jpg,966.jpg,966,0,0,0,0,0,0,0,0
.jpg,967.jpg,967,0,0,0,0,0,0,0,0
.jpg,968.jpg,968,0,0,0,0,0,0,0,0
.jpg,969.jpg,969,0,0,0,0,0,0,0,0
.jpg,970.jpg,970,0,0,0,0,0,0,0,0
.jpg,971.jpg,971,0,0,0,0,0,0,0,0
.jpg,972.jpg,972,1,0,0,0,0,0,0,0
.jpg,973.jpg,973,1,0,0,0,0,0,0,0
.jpg,974.jpg,974,1,0,0,0,0,0,0,0
.jpg,975.jpg,975,1,0,0,0,0,0,0,0
.jpg,976.jpg,976,1,0,0,0,0,0,0,0
.jpg,977.jpg,977,1,0,0,0,0,0,0,0
.jpg,978.jpg,978,1,0,0,0,0,0,0,0
.jpg,979.jpg,979,1,0,0,0,0,0,0,0
.jpg,980.jpg,980,0,0,0,0,0,0,0,0
.jpg,981.jpg,981,0,0,0,0,0,0,0,0
.jpg,982.jpg,982,0,0,0,0,0,0,0,0
.jpg,983.jpg,983,0,0,0,0,0,0,0,0
.jpg,984.jpg,984,0,0,0,0,0,0,0,0
.jpg,985.jpg,985,0,0,0,0,0,0,0,0
.jpg,986.jpg,986,0,0,0,0,0,0,0,0
.jpg,987.jpg,987,0,0,0,0,0,0,0,0
.jpg,988.jpg,988,0,0,0,0,0,0,0,0
.jpg,989.jpg,989,0,0,0,0,0,0,0,0
.jpg,990.jpg,990,0,0,0,0,0,0,0,0
.jpg,991.jpg,991,1,0,0,0,0,0,0,0
.jpg,992.jpg,992,1,0,0,0,0,0,0,0
.jpg,993.jpg,993,1,0,0,0,0,0,0,0
.jpg,994.jpg,994,1,0,0,0,0,0,0,0
.jpg,995.jpg,995,1,0,0,0,0,0,0,0
.jpg,996.jpg,996,1,0,0,0,0,0,0,0
.jpg,997.jpg,997,1,0,0,0,0,0,0,0
.jpg,998.jpg,998,1,0,0,0,0,0,0,0
.jpg,999.jpg,999,1,0,0,0,0,0,0,0
.jpg,1000.jpg,1000,1,0,0,0,0,0,0,0
